{"train_loss":0.682629077242449,"train/grad_norm":3.354630947113037,"train_samples_per_second":52.671,"train/learning_rate":2.6066350710900472e-06,"_runtime":333.772543325,"eval/loss":1.3712761402130127,"_step":15,"train/epoch":10,"_wandb":{"runtime":333},"eval/runtime":0.7002,"_timestamp":1.7315141070211372e+09,"train_runtime":320.4797,"eval/micro_f1":0.7122302158273381,"train_steps_per_second":6.584,"eval/macro_f1":0.565984774409731,"train/global_step":2110,"eval/accuracy":0.7122302158273381,"eval/samples_per_second":198.508,"train/loss":0.3126,"total_flos":1.11036853039104e+15,"eval/steps_per_second":25.706}