{"_step":30,"train/learning_rate":3.7037037037037037e-06,"eval/accuracy":0.8419642857142857,"eval/steps_per_second":23.142,"train/global_step":4320,"_timestamp":1.7314233421384954e+09,"total_flos":2.27066879499264e+15,"train_steps_per_second":5.626,"eval/macro_f1":0.7569386572260598,"_runtime":792.458440823,"train_samples_per_second":44.96,"train/epoch":10,"eval/samples_per_second":185.137,"eval/micro_f1":0.8419642857142857,"train/grad_norm":0.002946486696600914,"eval/loss":1.2880706787109375,"train_loss":0.18608713657767684,"train/loss":0.0159,"train_runtime":767.7979,"eval/runtime":6.0496,"_wandb":{"runtime":792}}