{"eval/steps_per_second":25.949,"train/grad_norm":0.02505641058087349,"train_steps_per_second":5.659,"eval/loss":1.0120668411254883,"total_flos":2.27066879499264e+15,"eval/accuracy":0.8464285714285714,"_wandb":{"runtime":780},"train_samples_per_second":45.217,"train/loss":0.111,"train/epoch":10,"eval/micro_f1":0.8464285714285714,"eval/macro_f1":0.7574212387627147,"train/learning_rate":3.7037037037037037e-06,"_runtime":780.323042434,"_timestamp":1.7315060645524354e+09,"eval/samples_per_second":207.596,"train_runtime":763.4268,"train/global_step":4320,"eval/runtime":5.3951,"_step":30,"train_loss":0.36348667807049223}