{"train/learning_rate":3.7037037037037037e-06,"eval/micro_f1":0.8142857142857143,"train_samples_per_second":46.395,"eval/samples_per_second":195.496,"_timestamp":1.7315719290116012e+09,"train/global_step":4320,"train/epoch":10,"eval/steps_per_second":24.437,"eval/runtime":5.729,"total_flos":2.27066879499264e+15,"train/grad_norm":0.005403819959610701,"_runtime":766.604791338,"eval/macro_f1":0.7136140032056631,"_wandb":{"runtime":766},"train_loss":0.23481787984017974,"eval/loss":1.3369508981704712,"eval/accuracy":0.8142857142857143,"train/loss":0.0356,"train_steps_per_second":5.806,"train_runtime":744.0388,"_step":30}