{"eval/accuracy":0.6330935251798561,"eval/micro_f1":0.6330935251798561,"train/learning_rate":2.6066350710900472e-06,"eval/steps_per_second":57.729,"_step":15,"total_flos":1.14095406624768e+15,"train_samples_per_second":180.392,"eval/runtime":0.3118,"train_steps_per_second":22.549,"eval/samples_per_second":445.798,"train/global_step":2110,"train/grad_norm":2.174644708633423,"_timestamp":1.731517729261223e+09,"_wandb":{"runtime":102},"train/loss":1.0869,"train_runtime":93.5741,"_runtime":102.516779371,"train_loss":1.2039545285193276,"eval/loss":1.0810539722442627,"train/epoch":10,"eval/macro_f1":0.26446460290987}