{"train/loss":0.5605,"train/global_step":4320,"train/learning_rate":3.7037037037037037e-06,"eval/loss":0.5538106560707092,"_wandb":{"runtime":243},"eval/macro_f1":0.578530709261786,"_timestamp":1.7315301548424888e+09,"total_flos":2.3332169405952e+15,"_step":30,"_runtime":243.495863558,"eval/micro_f1":0.7919642857142857,"eval/runtime":2.3382,"train/epoch":10,"eval/accuracy":0.7919642857142857,"eval/steps_per_second":59.876,"train_loss":0.6490826995284469,"train_steps_per_second":18.71,"eval/samples_per_second":479.01,"train_runtime":230.8876,"train_samples_per_second":149.51,"train/grad_norm":1.96799635887146}