{"train/epoch":10,"train_steps_per_second":18.351,"total_flos":2.3332169405952e+15,"eval/accuracy":0.7919642857142857,"eval/loss":0.5538106560707092,"train_runtime":235.4036,"_step":30,"_runtime":248.714999662,"_wandb":{"runtime":248},"eval/samples_per_second":479.067,"train_samples_per_second":146.642,"train_loss":0.6490826995284469,"eval/macro_f1":0.578530709261786,"eval/runtime":2.3379,"train/global_step":4320,"_timestamp":1.7315173616306076e+09,"train/grad_norm":1.96799635887146,"eval/micro_f1":0.7919642857142857,"eval/steps_per_second":59.883,"train/loss":0.5605,"train/learning_rate":3.7037037037037037e-06}