{"eval/micro_f1":0.6330935251798561,"_timestamp":1.7315585504653575e+09,"train/loss":1.0869,"train_runtime":94.447,"total_flos":1.14095406624768e+15,"eval/samples_per_second":449.212,"eval/loss":1.0810539722442627,"train/epoch":10,"eval/runtime":0.3094,"eval/accuracy":0.6330935251798561,"train_steps_per_second":22.341,"train/learning_rate":2.6066350710900472e-06,"train/global_step":2110,"train_samples_per_second":178.725,"_step":15,"train/grad_norm":2.174644708633423,"eval/macro_f1":0.26446460290987,"eval/steps_per_second":58.171,"train_loss":1.2039545285193276,"_runtime":103.381793515,"_wandb":{"runtime":103}}