{"train/grad_norm":0.005403819959610701,"_step":30,"eval/loss":1.3369508981704712,"_timestamp":1.7314243657571225e+09,"train/epoch":10,"train/global_step":4320,"eval/macro_f1":0.7136140032056631,"train_steps_per_second":5.653,"train_runtime":764.169,"eval/runtime":6.065,"train_loss":0.23481787984017974,"eval/samples_per_second":184.667,"_wandb":{"runtime":1018},"eval/micro_f1":0.8142857142857143,"train/learning_rate":3.7037037037037037e-06,"total_flos":2.27066879499264e+15,"_runtime":1018.871959701,"eval/accuracy":0.8142857142857143,"train/loss":0.0356,"train_samples_per_second":45.173,"eval/steps_per_second":23.083}