{"train/global_step":4320,"_runtime":765.815380288,"eval/runtime":5.706,"eval/macro_f1":0.7136140032056631,"train/epoch":10,"train/learning_rate":3.7037037037037037e-06,"train/loss":0.0356,"eval/loss":1.3369508981704712,"_wandb":{"runtime":765},"train_runtime":741.955,"train_loss":0.23481787984017974,"_timestamp":1.731534492553364e+09,"train_samples_per_second":46.526,"eval/micro_f1":0.8142857142857143,"_step":30,"eval/accuracy":0.8142857142857143,"train_steps_per_second":5.822,"eval/samples_per_second":196.283,"eval/steps_per_second":24.535,"total_flos":2.27066879499264e+15,"train/grad_norm":0.005403819959610701}