{"_wandb":{"runtime":327},"train/global_step":2110,"train_steps_per_second":6.666,"_step":15,"eval/steps_per_second":24.163,"train_runtime":316.532,"train_loss":0.2888243209694234,"train/grad_norm":7.469374179840088,"_runtime":327.537438934,"train/epoch":10,"eval/accuracy":0.7913669064748201,"total_flos":1.11036853039104e+15,"eval/macro_f1":0.7060970100483778,"eval/runtime":0.7449,"_timestamp":1.731513443743334e+09,"train/learning_rate":2.6066350710900472e-06,"eval/micro_f1":0.7913669064748201,"train_samples_per_second":53.328,"train/loss":0.0553,"eval/samples_per_second":186.595,"eval/loss":1.4266341924667358}