{"train/learning_rate":2.6066350710900472e-06,"eval/macro_f1":0.6699177307667874,"eval/loss":1.3543453216552734,"eval/runtime":0.7587,"train_steps_per_second":6.363,"train_loss":0.2752469291054242,"_wandb":{"runtime":353},"eval/accuracy":0.7769784172661871,"_timestamp":1.731482952514493e+09,"eval/samples_per_second":183.211,"_step":15,"train/epoch":10,"train/loss":0.0599,"eval/steps_per_second":23.725,"eval/micro_f1":0.7769784172661871,"train/global_step":2110,"train/grad_norm":8.903054237365723,"train_runtime":331.626,"total_flos":1.11036853039104e+15,"_runtime":353.176272724,"train_samples_per_second":50.901}