{"train/global_step":2110,"_step":15,"eval/macro_f1":0.7018278690782463,"train_samples_per_second":52.412,"total_flos":1.11036853039104e+15,"eval/loss":1.2396160364151,"train_runtime":322.0647,"eval/accuracy":0.7913669064748201,"_runtime":331.997040517,"train/epoch":10,"_wandb":{"runtime":332},"eval/samples_per_second":178.466,"train/grad_norm":3.5717177391052246,"eval/steps_per_second":23.111,"train/learning_rate":2.6066350710900472e-06,"train_loss":0.272940012967982,"train_steps_per_second":6.551,"eval/runtime":0.7789,"_timestamp":1.7314688668869834e+09,"train/loss":0.0571,"eval/micro_f1":0.7913669064748201}