{"train/epoch":10,"_runtime":1479.106257813,"train/global_step":8550,"train/loss":0.0017,"train/learning_rate":2.9239766081871344e-07,"eval/macro_f1":0.9113533915420708,"eval/accuracy":0.9131578947368421,"train_loss":0.1654446478150458,"eval/loss":0.7687085866928101,"train_samples_per_second":46.668,"total_flos":4.4992798396416e+15,"_step":60,"train_steps_per_second":5.833,"eval/steps_per_second":24.53,"eval/micro_f1":0.9131578947368421,"train/grad_norm":0.0036579961888492107,"_timestamp":1.7315392899326138e+09,"eval/runtime":3.8728,"_wandb":{"runtime":1479},"train_runtime":1465.6846,"eval/samples_per_second":196.24}