{"eval/accuracy":0.6330935251798561,"eval/runtime":0.3146,"_timestamp":1.7315332604952672e+09,"train_samples_per_second":180.786,"_wandb":{"runtime":101},"eval/macro_f1":0.26446460290987,"train_loss":1.2039545285193276,"total_flos":1.14095406624768e+15,"eval/steps_per_second":57.223,"train/epoch":10,"eval/samples_per_second":441.893,"train/grad_norm":2.174644708633423,"train/loss":1.0869,"_step":15,"train/global_step":2110,"eval/micro_f1":0.6330935251798561,"train_steps_per_second":22.598,"_runtime":101.285773263,"train/learning_rate":2.6066350710900472e-06,"train_runtime":93.3703,"eval/loss":1.0810539722442627}