{"train/epoch":10,"train/loss":0.0027,"_timestamp":1.731515598170255e+09,"_wandb":{"runtime":1472},"train/grad_norm":0.0007859975448809564,"eval/steps_per_second":23.874,"train_steps_per_second":5.862,"_runtime":1472.31402395,"eval/loss":0.6895472407341003,"eval/runtime":3.9793,"train_runtime":1458.6292,"eval/samples_per_second":190.988,"eval/macro_f1":0.9183068182986218,"eval/micro_f1":0.9197368421052632,"train/global_step":8550,"train_samples_per_second":46.893,"train_loss":0.11304086449076775,"total_flos":4.4992798396416e+15,"_step":60,"train/learning_rate":2.9239766081871344e-07,"eval/accuracy":0.9197368421052632}