{"_wandb":{"runtime":445},"eval/samples_per_second":469.951,"eval/steps_per_second":58.744,"train/loss":0.2745,"total_flos":4.6232164896768e+15,"eval/micro_f1":0.9223684210526316,"train/global_step":8550,"_runtime":445.081705025,"train/grad_norm":3.7413361072540283,"train_steps_per_second":19.695,"train_loss":0.3837555044296889,"eval/loss":0.27627456188201904,"train_runtime":434.1285,"eval/macro_f1":0.9206788840213473,"eval/runtime":1.6172,"train/epoch":10,"_step":60,"train/learning_rate":2.9239766081871344e-07,"_timestamp":1.731518189270157e+09,"train_samples_per_second":157.557,"eval/accuracy":0.9223684210526316}