{"eval/loss":0.27627456188201904,"train_runtime":437.9053,"eval/samples_per_second":471.051,"eval/runtime":1.6134,"train/grad_norm":3.7413361072540283,"train/learning_rate":2.9239766081871344e-07,"_runtime":448.935429352,"eval/micro_f1":0.9223684210526316,"eval/macro_f1":0.9206788840213473,"train/epoch":10,"_wandb":{"runtime":448},"_timestamp":1.7315590176380181e+09,"train_samples_per_second":156.198,"eval/steps_per_second":58.881,"_step":60,"train_loss":0.3837555044296889,"train/loss":0.2745,"total_flos":4.6232164896768e+15,"eval/accuracy":0.9223684210526316,"train/global_step":8550,"train_steps_per_second":19.525}