{"train_samples_per_second":45.002,"train/epoch":10,"eval/runtime":3.696,"eval/accuracy":0.9342105263157895,"_runtime":1534.826155407,"train/global_step":8550,"train_loss":0.20924656700843955,"train/learning_rate":2.9239766081871344e-07,"total_flos":4.4992798396416e+15,"eval/micro_f1":0.9342105263157895,"eval/macro_f1":0.9326277038412696,"train_steps_per_second":5.625,"eval/samples_per_second":205.627,"_wandb":{"runtime":1534},"eval/loss":0.4554562270641327,"eval/steps_per_second":25.703,"train/grad_norm":0.020270036533474922,"train/loss":0.0342,"_step":60,"_timestamp":1.7315783385971487e+09,"train_runtime":1519.939}