{"_timestamp":1.731422310511402e+09,"eval/loss":0.4519810676574707,"eval/macro_f1":0.7315612713932395,"eval/samples_per_second":182.2,"eval/accuracy":0.8116071428571429,"train/grad_norm":4.536823749542236,"_wandb":{"runtime":107},"train/learning_rate":4.4212962962962966e-05,"eval/micro_f1":0.8116071428571429,"eval/steps_per_second":22.775,"train/global_step":500,"eval/runtime":6.1471,"train/epoch":1.1574074074074074,"_runtime":105.953913411,"train/loss":0.6522,"_step":2}