{"total_flos":4.4992798396416e+15,"train/loss":0.0025,"train_loss":0.16440130363174915,"_runtime":1497.958443912,"train_samples_per_second":46.26,"train/global_step":8550,"eval/samples_per_second":189.007,"eval/accuracy":0.9052631578947369,"eval/micro_f1":0.9052631578947369,"train/epoch":10,"eval/runtime":4.021,"_step":60,"train/grad_norm":0.0019424412166699767,"train/learning_rate":2.9239766081871344e-07,"train_steps_per_second":5.783,"eval/macro_f1":0.9036028774857967,"eval/steps_per_second":23.626,"train_runtime":1478.5888,"_wandb":{"runtime":1497},"eval/loss":0.7972997426986694,"_timestamp":1.7315100414154334e+09}