{"eval/accuracy":0.7913669064748201,"_runtime":342.026815593,"eval/micro_f1":0.7913669064748201,"_timestamp":1.7315730766976194e+09,"train_runtime":325.9666,"eval/samples_per_second":184.841,"eval/steps_per_second":23.936,"train_steps_per_second":6.473,"train/epoch":10,"_step":15,"total_flos":1.11036853039104e+15,"train/loss":0.0553,"train/learning_rate":2.6066350710900472e-06,"eval/loss":1.4266341924667358,"train_samples_per_second":51.784,"_wandb":{"runtime":342},"train/global_step":2110,"train_loss":0.2888243209694234,"eval/runtime":0.752,"eval/macro_f1":0.7060970100483778,"train/grad_norm":7.469374179840088}