{"train_loss":0.6490826995284469,"_runtime":254.321034795,"eval/accuracy":0.7919642857142857,"eval/loss":0.5538106560707092,"_timestamp":1.7315331558823693e+09,"train_runtime":232.9918,"_step":30,"train/epoch":10,"train/loss":0.5605,"train_samples_per_second":148.16,"eval/micro_f1":0.7919642857142857,"eval/macro_f1":0.578530709261786,"eval/runtime":2.3322,"train_steps_per_second":18.541,"train/grad_norm":1.96799635887146,"eval/steps_per_second":60.028,"train/global_step":4320,"total_flos":2.3332169405952e+15,"train/learning_rate":3.7037037037037037e-06,"_wandb":{"runtime":254},"eval/samples_per_second":480.228}