{"train/grad_norm":3.354630947113037,"train_steps_per_second":6.266,"train_loss":0.682629077242449,"train/learning_rate":2.6066350710900472e-06,"train/epoch":10,"eval/steps_per_second":25.429,"eval/micro_f1":0.7122302158273381,"train/global_step":2110,"eval/accuracy":0.7122302158273381,"_runtime":352.91721209,"train/loss":0.3126,"eval/macro_f1":0.565984774409731,"train_runtime":336.7144,"total_flos":1.11036853039104e+15,"_step":15,"train_samples_per_second":50.132,"eval/samples_per_second":196.372,"_timestamp":1.7315737608491702e+09,"eval/runtime":0.7078,"eval/loss":1.3712761402130127,"_wandb":{"runtime":352}}