{"train/global_step":8550,"train_steps_per_second":4.899,"_step":60,"train/grad_norm":0.04947997257113457,"eval/steps_per_second":24.4,"train_samples_per_second":39.195,"eval/macro_f1":0.9259096825581847,"train/learning_rate":2.9239766081871344e-07,"train/epoch":10,"_timestamp":1.731474445142686e+09,"total_flos":4.4992798396416e+15,"train_loss":0.20421079033299497,"_runtime":1762.185373621,"eval/runtime":3.8934,"_wandb":{"runtime":1762},"eval/samples_per_second":195.202,"train/loss":0.0427,"eval/loss":0.49706733226776123,"train_runtime":1745.1094,"eval/accuracy":0.9276315789473685,"eval/micro_f1":0.9276315789473685}