{"_wandb":{"runtime":442},"train/epoch":10,"eval/macro_f1":0.9206788840213473,"eval/loss":0.27627456188201904,"eval/accuracy":0.9223684210526316,"train/global_step":8550,"train_loss":0.3837555044296889,"train_samples_per_second":158.671,"_timestamp":1.7315307175460804e+09,"train_runtime":431.0794,"train/loss":0.2745,"_step":60,"eval/micro_f1":0.9223684210526316,"eval/runtime":1.5995,"eval/steps_per_second":59.394,"train/learning_rate":2.9239766081871344e-07,"eval/samples_per_second":475.149,"total_flos":4.6232164896768e+15,"_runtime":442.735386873,"train_steps_per_second":19.834,"train/grad_norm":3.7413361072540283}