{"train_samples_per_second":52.419,"_wandb":{"runtime":335},"train/global_step":2110,"train/epoch":10,"_step":15,"eval/loss":1.4266341924667358,"train/loss":0.0553,"_runtime":335.361157229,"train_steps_per_second":6.552,"train_loss":0.2888243209694234,"eval/micro_f1":0.7913669064748201,"eval/macro_f1":0.7060970100483778,"eval/accuracy":0.7913669064748201,"eval/runtime":0.7885,"eval/steps_per_second":22.827,"eval/samples_per_second":176.274,"train_runtime":322.0213,"_timestamp":1.7314685311307855e+09,"train/grad_norm":7.469374179840088,"train/learning_rate":2.6066350710900472e-06,"total_flos":1.11036853039104e+15}