{"train/epoch":10,"_wandb":{"runtime":1504},"_step":60,"eval/accuracy":0.9118421052631579,"train/loss":0.0045,"train/global_step":8550,"_timestamp":1.731576788477352e+09,"eval/steps_per_second":24.288,"eval/samples_per_second":194.306,"total_flos":4.4992798396416e+15,"train/grad_norm":0.0027996317949146032,"train_loss":0.16860576329524057,"eval/macro_f1":0.9105800358040592,"eval/micro_f1":0.9118421052631579,"train_steps_per_second":5.733,"eval/runtime":3.9113,"train_samples_per_second":45.864,"train_runtime":1491.3597,"_runtime":1504.566825036,"eval/loss":0.7574856281280518,"train/learning_rate":2.9239766081871344e-07}