{"eval/runtime":0.7344,"train_runtime":312.0121,"total_flos":1.11036853039104e+15,"eval/loss":1.2396615743637085,"train_samples_per_second":54.1,"eval/samples_per_second":189.257,"train_loss":0.2729398917247899,"eval/micro_f1":0.7913669064748201,"train/global_step":2110,"train/loss":0.0571,"eval/accuracy":0.7913669064748201,"train_steps_per_second":6.763,"_wandb":{"runtime":322},"train/epoch":10,"_timestamp":1.7315137699153178e+09,"_step":15,"eval/macro_f1":0.7018278690782463,"_runtime":322.887866485,"train/grad_norm":3.5717101097106934,"eval/steps_per_second":24.508,"train/learning_rate":2.6066350710900472e-06}