{"train/loss":0.0356,"train/global_step":4320,"eval/micro_f1":0.8142857142857143,"eval/steps_per_second":24.505,"total_flos":2.27066879499264e+15,"train_loss":0.23481787984017974,"_runtime":763.636173235,"eval/macro_f1":0.7136140032056631,"train_samples_per_second":46.379,"train/epoch":10,"train/grad_norm":0.005403819959610701,"eval/samples_per_second":196.042,"train/learning_rate":3.7037037037037037e-06,"eval/runtime":5.713,"eval/loss":1.3369508981704712,"train_steps_per_second":5.804,"train_runtime":744.2966,"_timestamp":1.7315123375363486e+09,"_step":30,"eval/accuracy":0.8142857142857143,"_wandb":{"runtime":763}}