{"train/epoch":10,"eval/samples_per_second":195.484,"total_flos":2.27066879499264e+15,"_wandb":{"runtime":766},"eval/micro_f1":0.8142857142857143,"train/learning_rate":3.7037037037037037e-06,"train_samples_per_second":46.084,"eval/runtime":5.7294,"train/global_step":4320,"_step":30,"train_loss":0.23481787984017974,"train/grad_norm":0.005403819959610701,"eval/steps_per_second":24.436,"_runtime":766.196434062,"eval/accuracy":0.8142857142857143,"_timestamp":1.7315805454365926e+09,"train/loss":0.0356,"train_runtime":749.0741,"eval/macro_f1":0.7136140032056631,"eval/loss":1.3369508981704712,"train_steps_per_second":5.767}