{"train_samples_per_second":147.474,"train/global_step":4320,"train/learning_rate":3.7037037037037037e-06,"train/grad_norm":1.96799635887146,"total_flos":2.3332169405952e+15,"_runtime":249.431048211,"train_steps_per_second":18.456,"eval/micro_f1":0.7919642857142857,"eval/runtime":2.339,"_step":30,"train_runtime":234.0753,"_wandb":{"runtime":249},"eval/samples_per_second":478.829,"eval/macro_f1":0.578530709261786,"eval/loss":0.5538106560707092,"_timestamp":1.731558443793864e+09,"train/epoch":10,"eval/steps_per_second":59.854,"eval/accuracy":0.7919642857142857,"train_loss":0.6490826995284469,"train/loss":0.5605}