{"train_loss":0.682629077242449,"_step":15,"_wandb":{"runtime":339},"train/learning_rate":2.6066350710900472e-06,"eval/accuracy":0.7122302158273381,"train_steps_per_second":6.438,"eval/runtime":0.761,"train/epoch":10,"train/global_step":2110,"eval/samples_per_second":182.647,"eval/loss":1.3712761402130127,"train/loss":0.3126,"total_flos":1.11036853039104e+15,"eval/macro_f1":0.565984774409731,"train/grad_norm":3.354630947113037,"eval/micro_f1":0.7122302158273381,"_runtime":339.064603998,"eval/steps_per_second":23.652,"train_runtime":327.7257,"_timestamp":1.7314265185924582e+09,"train_samples_per_second":51.506}