{"eval/samples_per_second":192.676,"eval/loss":0.6861900687217712,"train_loss":0.11148011668642427,"_runtime":1485.691700176,"train_runtime":1473.5447,"train_samples_per_second":46.419,"eval/micro_f1":0.9197368421052632,"train_steps_per_second":5.802,"eval/accuracy":0.9197368421052632,"_wandb":{"runtime":1485},"_step":60,"_timestamp":1.731575263861167e+09,"train/loss":0.0001,"train/global_step":8550,"eval/steps_per_second":24.084,"train/learning_rate":2.9239766081871344e-07,"eval/macro_f1":0.917569552663756,"train/grad_norm":0.001746184192597866,"eval/runtime":3.9444,"total_flos":4.4992798396416e+15,"train/epoch":10}