{"eval/accuracy":0.9118421052631579,"train/global_step":8550,"train_runtime":1750.7959,"_wandb":{"runtime":1765},"train/epoch":10,"train/loss":0.0066,"eval/loss":0.7408944964408875,"eval/macro_f1":0.9101937064434874,"train_loss":0.16444254860951843,"train_samples_per_second":39.068,"eval/runtime":4.3048,"eval/micro_f1":0.9118421052631579,"train/learning_rate":2.9239766081871344e-07,"eval/steps_per_second":22.068,"eval/samples_per_second":176.547,"total_flos":4.4992798396416e+15,"train_steps_per_second":4.883,"train/grad_norm":0.003522956743836403,"_runtime":1765.702280259,"_step":60,"_timestamp":1.7314726622858806e+09}