{"train/epoch":10,"eval/loss":1.4266341924667358,"eval/macro_f1":0.7060970100483778,"train/global_step":2110,"_wandb":{"runtime":353},"_timestamp":1.7314825958878481e+09,"_step":15,"train_steps_per_second":6.384,"_runtime":353.593880148,"eval/micro_f1":0.7913669064748201,"train/loss":0.0553,"eval/samples_per_second":187.802,"train_loss":0.2888243209694234,"eval/steps_per_second":24.32,"eval/runtime":0.7401,"train_samples_per_second":51.073,"train_runtime":330.509,"eval/accuracy":0.7913669064748201,"total_flos":1.11036853039104e+15,"train/grad_norm":7.469374179840088,"train/learning_rate":2.6066350710900472e-06}