{"train_runtime":1636.3395,"_wandb":{"runtime":1649},"eval/macro_f1":0.9259123570387504,"_step":60,"train/learning_rate":2.9239766081871344e-07,"train/loss":0.001,"train_steps_per_second":5.225,"train_samples_per_second":41.801,"eval/accuracy":0.9276315789473685,"total_flos":4.4992798396416e+15,"train/epoch":10,"eval/runtime":4.1635,"eval/micro_f1":0.9276315789473685,"eval/loss":0.6856292486190796,"_timestamp":1.731470877975737e+09,"train_loss":0.11126542986109199,"train/grad_norm":0.003695489140227437,"train/global_step":8550,"eval/samples_per_second":182.537,"_runtime":1649.712183516,"eval/steps_per_second":22.817}