{"train/grad_norm":0.005403819959610701,"eval/runtime":5.7051,"_step":30,"_timestamp":1.731505280692335e+09,"train/epoch":10,"eval/loss":1.3369508981704712,"total_flos":2.27066879499264e+15,"eval/macro_f1":0.7136140032056631,"train_runtime":740.599,"eval/samples_per_second":196.317,"train_steps_per_second":5.833,"eval/accuracy":0.8142857142857143,"train_samples_per_second":46.611,"train/global_step":4320,"train/learning_rate":3.7037037037037037e-06,"train/loss":0.0356,"_wandb":{"runtime":757},"_runtime":757.568007651,"eval/steps_per_second":24.54,"eval/micro_f1":0.8142857142857143,"train_loss":0.23481787984017974}