{"_timestamp":1.731420139756292e+09,"train/global_step":500,"eval/steps_per_second":54.121,"_runtime":56.678476542,"train/loss":0.6522,"_wandb":{"runtime":57},"eval/micro_f1":0.8116071428571429,"train/grad_norm":4.536823749542236,"train/epoch":1.1574074074074074,"_step":2,"eval/loss":0.4519810676574707,"eval/macro_f1":0.7315612713932395,"train/learning_rate":4.4212962962962966e-05,"eval/runtime":2.5868,"eval/samples_per_second":432.968,"eval/accuracy":0.8116071428571429}