{"train/global_step":4320,"eval/accuracy":0.8419642857142857,"train/epoch":10,"train_runtime":814.3892,"_wandb":{"runtime":857},"train/learning_rate":3.7037037037037037e-06,"_timestamp":1.7314805894256077e+09,"train/grad_norm":0.002946486696600914,"train_samples_per_second":42.388,"train/loss":0.0159,"eval/samples_per_second":180.431,"eval/runtime":6.2074,"eval/macro_f1":0.7569386572260598,"train_loss":0.18608713657767684,"eval/micro_f1":0.8419642857142857,"eval/loss":1.2880706787109375,"eval/steps_per_second":22.554,"train_steps_per_second":5.305,"_step":30,"total_flos":2.27066879499264e+15,"_runtime":857.872316987}