{"train_samples_per_second":54.331,"train/grad_norm":3.5717177391052246,"_step":15,"eval/micro_f1":0.7913669064748201,"eval/loss":1.2396160364151,"train/epoch":10,"eval/accuracy":0.7913669064748201,"eval/steps_per_second":23.604,"train/global_step":2110,"eval/macro_f1":0.7018278690782463,"train_loss":0.272940012967982,"train/loss":0.0571,"_runtime":320.6483884,"train/learning_rate":2.6066350710900472e-06,"eval/runtime":0.7626,"train_steps_per_second":6.791,"_wandb":{"runtime":320},"total_flos":1.11036853039104e+15,"train_runtime":310.6895,"eval/samples_per_second":182.276,"_timestamp":1.7315067160088909e+09}