{"_timestamp":1.731530259705252e+09,"train/grad_norm":2.174644708633423,"train/learning_rate":2.6066350710900472e-06,"train_samples_per_second":182.546,"train_steps_per_second":22.818,"eval/samples_per_second":451.686,"eval/runtime":0.3077,"eval/loss":1.0810539722442627,"train/loss":1.0869,"_step":15,"eval/micro_f1":0.6330935251798561,"eval/accuracy":0.6330935251798561,"_wandb":{"runtime":101},"_runtime":101.032805908,"train_loss":1.2039545285193276,"total_flos":1.14095406624768e+15,"train_runtime":92.4699,"train/global_step":2110,"eval/steps_per_second":58.492,"eval/macro_f1":0.26446460290987,"train/epoch":10}