{"eval/samples_per_second":193.208,"_runtime":339.499951935,"eval/micro_f1":0.7122302158273381,"train_samples_per_second":51.75,"eval/macro_f1":0.565984774409731,"eval/runtime":0.7194,"train/grad_norm":3.354630947113037,"train/global_step":2110,"eval/accuracy":0.7122302158273381,"_step":15,"_wandb":{"runtime":339},"train/epoch":10,"train/learning_rate":2.6066350710900472e-06,"train_steps_per_second":6.469,"train/loss":0.3126,"eval/loss":1.3712761402130127,"total_flos":1.11036853039104e+15,"eval/steps_per_second":25.02,"_timestamp":1.7314692107414525e+09,"train_runtime":326.1831,"train_loss":0.682629077242449}