{"train_steps_per_second":6.551,"eval/micro_f1":0.7913669064748201,"train_loss":0.2888243209694234,"train/loss":0.0553,"eval/steps_per_second":21.882,"train/learning_rate":2.6066350710900472e-06,"_runtime":346.00022284,"eval/loss":1.4266341924667358,"eval/runtime":0.8226,"eval/samples_per_second":168.974,"eval/macro_f1":0.7060970100483778,"train/global_step":2110,"_step":15,"train/grad_norm":7.469374179840088,"_timestamp":1.7314258319165118e+09,"total_flos":1.11036853039104e+15,"train_runtime":322.1045,"train_samples_per_second":52.405,"train/epoch":10,"_wandb":{"runtime":346},"eval/accuracy":0.7913669064748201}