{"_step":30,"eval/runtime":5.4213,"eval/micro_f1":0.8464285714285714,"train/grad_norm":0.02505641058087349,"eval/macro_f1":0.7574212387627147,"train/global_step":4320,"eval/samples_per_second":206.592,"train/loss":0.111,"eval/steps_per_second":25.824,"train_loss":0.36348667807049223,"train_runtime":757.4836,"total_flos":2.27066879499264e+15,"eval/loss":1.0120668411254883,"train_samples_per_second":45.572,"_wandb":{"runtime":771},"train_steps_per_second":5.703,"train/learning_rate":3.7037037037037037e-06,"train/epoch":10,"_timestamp":1.73151311210188e+09,"eval/accuracy":0.8464285714285714,"_runtime":771.253988734}