{"_step":60,"eval/samples_per_second":192.471,"train_loss":0.11091875028616766,"_wandb":{"runtime":1461},"eval/runtime":3.9486,"eval/macro_f1":0.9275437917771298,"train/global_step":8550,"train_samples_per_second":47.228,"_timestamp":1.731508528915257e+09,"train/grad_norm":0.0010320437140762806,"_runtime":1461.992170699,"train/epoch":10,"train/learning_rate":2.9239766081871344e-07,"total_flos":4.4992798396416e+15,"train_steps_per_second":5.903,"eval/micro_f1":0.9289473684210526,"eval/steps_per_second":24.059,"train/loss":0.0019,"eval/loss":0.673552930355072,"train_runtime":1448.3005,"eval/accuracy":0.9289473684210526}