{"_runtime":808.451467536,"eval/loss":1.2880706787109375,"eval/runtime":6.1251,"eval/micro_f1":0.8419642857142857,"eval/steps_per_second":22.857,"train/grad_norm":0.002946486696600914,"train/epoch":10,"train/global_step":4320,"train/loss":0.0159,"eval/samples_per_second":182.854,"train_loss":0.18608713657767684,"_timestamp":1.7314666155034268e+09,"train_runtime":787.2049,"eval/accuracy":0.8419642857142857,"train/learning_rate":3.7037037037037037e-06,"_wandb":{"runtime":808},"train_steps_per_second":5.488,"total_flos":2.27066879499264e+15,"_step":30,"train_samples_per_second":43.851,"eval/macro_f1":0.7569386572260598}