{"eval/steps_per_second":24.68,"eval/samples_per_second":197.442,"eval/accuracy":0.9328947368421052,"_timestamp":1.7314317285116782e+09,"train_samples_per_second":40.073,"train_loss":0.21067800451788987,"train_steps_per_second":5.009,"_wandb":{"runtime":1722},"total_flos":4.4992798396416e+15,"train/learning_rate":2.9239766081871344e-07,"eval/runtime":3.8492,"train/epoch":10,"train/global_step":8550,"train/grad_norm":0.0351666659116745,"eval/loss":0.4356052577495575,"train_runtime":1706.8931,"eval/micro_f1":0.9328947368421052,"eval/macro_f1":0.9313276567841695,"_runtime":1722.881451901,"_step":60,"train/loss":0.0422}