{"train/global_step":2110,"_runtime":323.649251847,"eval/steps_per_second":24.01,"train_runtime":315.2646,"eval/samples_per_second":185.41,"_step":15,"_wandb":{"runtime":323},"total_flos":1.11036853039104e+15,"eval/macro_f1":0.7060970100483778,"train/learning_rate":2.6066350710900472e-06,"eval/accuracy":0.7913669064748201,"_timestamp":1.7315063917081232e+09,"train_samples_per_second":53.542,"train_steps_per_second":6.693,"eval/runtime":0.7497,"train_loss":0.2888243209694234,"eval/loss":1.4266341924667358,"train/loss":0.0553,"eval/micro_f1":0.7913669064748201,"train/epoch":10,"train/grad_norm":7.469374179840088}