{"eval/samples_per_second":192.27,"train/learning_rate":2.9239766081871344e-07,"eval/runtime":3.9528,"eval/accuracy":0.9302631578947368,"eval/micro_f1":0.9302631578947368,"train_runtime":1459.1743,"_step":60,"eval/macro_f1":0.9283302183101529,"eval/steps_per_second":24.034,"train_steps_per_second":5.859,"_wandb":{"runtime":1471},"train_loss":0.1109141447858569,"_runtime":1471.16583036,"train/loss":0.0001,"train/grad_norm":0.0011382373049855232,"train/global_step":8550,"train_samples_per_second":46.876,"eval/loss":0.6634445786476135,"train/epoch":10,"_timestamp":1.7315377952581906e+09,"total_flos":4.4992798396416e+15}