{"eval/macro_f1":0.7569386572260598,"train_samples_per_second":45.919,"_step":30,"train/epoch":10,"eval/runtime":5.8814,"train/grad_norm":0.002946486696600914,"eval/accuracy":0.8419642857142857,"total_flos":2.27066879499264e+15,"eval/micro_f1":0.8419642857142857,"train/loss":0.0159,"train_loss":0.18608713657767684,"train/global_step":4320,"eval/steps_per_second":23.804,"_wandb":{"runtime":769},"eval/loss":1.2880706787109375,"train_steps_per_second":5.747,"eval/samples_per_second":190.431,"_runtime":769.476315873,"train_runtime":751.7532,"train/learning_rate":3.7037037037037037e-06,"_timestamp":1.731533723275276e+09}