{"train/epoch":10,"_runtime":1446.110016228,"train/global_step":8550,"total_flos":4.4992798396416e+15,"eval/steps_per_second":25.725,"train/learning_rate":2.9239766081871344e-07,"eval/micro_f1":0.9342105263157895,"eval/loss":0.48650413751602173,"eval/samples_per_second":205.796,"eval/macro_f1":0.9323536324786325,"_timestamp":1.7315185688115585e+09,"train/grad_norm":0.014507167041301727,"train_steps_per_second":5.97,"_step":60,"train_runtime":1432.2732,"train/loss":0.0244,"train_loss":0.1929566861174957,"eval/accuracy":0.9342105263157895,"_wandb":{"runtime":1446},"eval/runtime":3.693,"train_samples_per_second":47.756}