{"_wandb":{"runtime":371},"train/grad_norm":3.3546247482299805,"train/loss":0.3126,"eval/accuracy":0.7122302158273381,"_timestamp":1.7314833283253474e+09,"eval/macro_f1":0.565984774409731,"train_runtime":351.8149,"train/learning_rate":2.6066350710900472e-06,"total_flos":1.11036853039104e+15,"eval/runtime":0.7395,"_runtime":371.928843002,"train_loss":0.6826291396154611,"eval/loss":1.3712941408157349,"train_samples_per_second":47.98,"eval/steps_per_second":24.341,"_step":15,"eval/micro_f1":0.7122302158273381,"train/global_step":2110,"train/epoch":10,"eval/samples_per_second":187.968,"train_steps_per_second":5.997}