{"train/global_step":500,"_runtime":55.421101724,"train/grad_norm":4.536823749542236,"eval/steps_per_second":53.989,"_step":2,"eval/micro_f1":0.8116071428571429,"_timestamp":1.731419585892686e+09,"eval/accuracy":0.8116071428571429,"_wandb":{"runtime":56},"eval/runtime":2.5931,"eval/loss":0.4519810676574707,"train/epoch":1.1574074074074074,"train/learning_rate":4.4212962962962966e-05,"train/loss":0.6522,"eval/macro_f1":0.7315612713932395,"eval/samples_per_second":431.91}