{"eval/samples_per_second":206.151,"eval/steps_per_second":25.769,"_timestamp":1.7314880625338998e+09,"_runtime":1515.50225722,"train_samples_per_second":45.481,"eval/accuracy":0.9328947368421052,"train/global_step":8550,"eval/loss":0.4617066979408264,"_step":60,"total_flos":4.4992798396416e+15,"eval/micro_f1":0.9328947368421052,"train/loss":0.0358,"train/epoch":10,"train/grad_norm":374.7314147949219,"eval/runtime":3.6866,"train/learning_rate":2.9239766081871344e-07,"train_steps_per_second":5.685,"train_loss":0.20872702031107673,"eval/macro_f1":0.9312017690917104,"train_runtime":1503.9265,"_wandb":{"runtime":1515}}