{"train/global_step":2110,"_wandb":{"runtime":332},"total_flos":1.11036853039104e+15,"train_runtime":323.4893,"train/loss":0.2887,"train_samples_per_second":52.181,"eval/macro_f1":0.5650583863890716,"eval/samples_per_second":216.582,"_runtime":332.803704827,"train/learning_rate":2.6066350710900472e-06,"_timestamp":1.7315070524416091e+09,"train/epoch":10,"train_steps_per_second":6.523,"_step":15,"eval/steps_per_second":28.047,"train/grad_norm":6.627258777618408,"eval/accuracy":0.697841726618705,"eval/runtime":0.6418,"eval/loss":1.4648354053497314,"eval/micro_f1":0.697841726618705,"train_loss":0.6664195363555474}