{"train/loss":0.0356,"_runtime":818.139616017,"train/learning_rate":3.7037037037037037e-06,"_timestamp":1.7314814110749707e+09,"eval/steps_per_second":22.899,"train/global_step":4320,"total_flos":2.27066879499264e+15,"eval/accuracy":0.8142857142857143,"train_runtime":790.8906,"_step":30,"train_samples_per_second":43.647,"eval/samples_per_second":183.194,"train/epoch":10,"eval/runtime":6.1137,"_wandb":{"runtime":818},"eval/macro_f1":0.7136140032056631,"train_steps_per_second":5.462,"eval/micro_f1":0.8142857142857143,"train_loss":0.23481787984017974,"eval/loss":1.3369508981704712,"train/grad_norm":0.005403819959610701}