{"eval/micro_f1":0.6330935251798561,"eval/samples_per_second":437.942,"_step":15,"train_samples_per_second":176.195,"eval/steps_per_second":56.712,"train/loss":1.0869,"_timestamp":1.7315581357721353e+09,"train/epoch":10,"train/learning_rate":2.6066350710900472e-06,"_runtime":108.590786228,"train_steps_per_second":22.024,"train/grad_norm":2.174644708633423,"train_runtime":95.8027,"eval/runtime":0.3174,"eval/accuracy":0.6330935251798561,"train/global_step":2110,"train_loss":1.2039545285193276,"_wandb":{"runtime":108},"eval/loss":1.0810539722442627,"eval/macro_f1":0.26446460290987,"total_flos":1.14095406624768e+15}