{"train_runtime":1636.3526,"eval/macro_f1":0.9135592724458877,"train/grad_norm":0.0006968906382098794,"train_loss":0.11130820324824175,"eval/samples_per_second":190.177,"total_flos":4.4992798396416e+15,"train/global_step":8550,"eval/runtime":3.9963,"eval/accuracy":0.9157894736842105,"_timestamp":1.731485020424255e+09,"train/loss":0.0025,"train_samples_per_second":41.8,"eval/loss":0.7210043668746948,"train/epoch":10,"_runtime":1659.961072432,"eval/steps_per_second":23.772,"_step":60,"train/learning_rate":2.9239766081871344e-07,"train_steps_per_second":5.225,"_wandb":{"runtime":1659},"eval/micro_f1":0.9157894736842105}