{"_wandb":{"runtime":345},"train_samples_per_second":51.361,"train/epoch":10,"total_flos":1.11036853039104e+15,"_timestamp":1.7315363063583975e+09,"train/learning_rate":2.6066350710900472e-06,"eval/micro_f1":0.7122302158273381,"train/global_step":2110,"eval/accuracy":0.7122302158273381,"train/loss":0.3126,"eval/samples_per_second":195.968,"_runtime":345.543751951,"train_steps_per_second":6.42,"train/grad_norm":3.354630947113037,"eval/macro_f1":0.565984774409731,"eval/loss":1.3712761402130127,"train_loss":0.682629077242449,"eval/steps_per_second":25.377,"_step":15,"train_runtime":328.6563,"eval/runtime":0.7093}