{"eval/runtime":0.7334,"_runtime":322.626841041,"train/learning_rate":2.6066350710900472e-06,"train_steps_per_second":6.737,"_timestamp":1.7315359568414278e+09,"eval/accuracy":0.7913669064748201,"total_flos":1.11036853039104e+15,"train/epoch":10,"eval/micro_f1":0.7913669064748201,"eval/macro_f1":0.7018278690782463,"train/loss":0.0571,"train_loss":0.272940012967982,"_wandb":{"runtime":322},"train_samples_per_second":53.893,"eval/loss":1.2396160364151,"train_runtime":313.212,"_step":15,"train/global_step":2110,"eval/steps_per_second":24.544,"train/grad_norm":3.5717177391052246,"eval/samples_per_second":189.536}