{"train_runtime":752.5753,"train_loss":0.18608713657767684,"total_flos":2.27066879499264e+15,"train/global_step":4320,"train/loss":0.0159,"eval/runtime":5.8129,"eval/micro_f1":0.8419642857142857,"train_steps_per_second":5.74,"_timestamp":1.731511570480328e+09,"eval/accuracy":0.8419642857142857,"train/epoch":10,"train_samples_per_second":45.869,"eval/samples_per_second":192.673,"_step":30,"_runtime":772.679329062,"eval/loss":1.2880706787109375,"train/learning_rate":3.7037037037037037e-06,"eval/macro_f1":0.7569386572260598,"eval/steps_per_second":24.084,"_wandb":{"runtime":772},"train/grad_norm":0.002946486696600914}