{"train_steps_per_second":5.726,"_wandb":{"runtime":1506},"_step":60,"_runtime":1506.106319764,"eval/accuracy":0.9131578947368421,"train/learning_rate":2.9239766081871344e-07,"eval/macro_f1":0.9113827473812365,"train_runtime":1493.2656,"eval/runtime":3.9369,"train_loss":0.1650563769564795,"_timestamp":1.7314865376555855e+09,"eval/micro_f1":0.9131578947368421,"train/epoch":10,"train_samples_per_second":45.806,"total_flos":4.4992798396416e+15,"train/grad_norm":0.0031821904703974724,"eval/samples_per_second":193.045,"train/global_step":8550,"train/loss":0.0047,"eval/steps_per_second":24.131,"eval/loss":0.7668859958648682}