{"train_steps_per_second":5.794,"eval/runtime":3.9273,"_wandb":{"runtime":1496},"train/epoch":10,"_step":60,"train/global_step":8550,"train/learning_rate":2.9239766081871344e-07,"eval/macro_f1":0.9101937064434874,"train/loss":0.0066,"_runtime":1496.897967305,"train_runtime":1475.6053,"train_loss":0.16444254860951843,"_timestamp":1.731517109452988e+09,"eval/accuracy":0.9118421052631579,"total_flos":4.4992798396416e+15,"eval/micro_f1":0.9118421052631579,"train/grad_norm":0.003522956743836403,"train_samples_per_second":46.354,"eval/samples_per_second":193.516,"eval/steps_per_second":24.19,"eval/loss":0.7408944964408875}