{"eval/samples_per_second":194.02,"train/global_step":4320,"eval/accuracy":0.8419642857142857,"train_loss":0.18608713657767684,"_step":30,"train_steps_per_second":5.715,"train/learning_rate":3.7037037037037037e-06,"train_runtime":755.9073,"train/loss":0.0159,"train/grad_norm":0.002946486696600914,"eval/runtime":5.7726,"_runtime":771.968965989,"eval/macro_f1":0.7569386572260598,"eval/loss":1.2880706787109375,"eval/steps_per_second":24.253,"total_flos":2.27066879499264e+15,"train/epoch":10,"_timestamp":1.731579776012574e+09,"eval/micro_f1":0.8419642857142857,"train_samples_per_second":45.667,"_wandb":{"runtime":771}}