{"eval/samples_per_second":205.322,"train/learning_rate":2.9239766081871344e-07,"_step":60,"eval/macro_f1":0.9283914188652264,"train/global_step":8550,"train/epoch":10,"train_steps_per_second":5.786,"eval/runtime":3.7015,"train_runtime":1477.8096,"_wandb":{"runtime":1489},"train/loss":0.0315,"train/grad_norm":4.021766662597656,"train_loss":0.20570659005153946,"eval/micro_f1":0.9302631578947368,"_runtime":1489.456725439,"_timestamp":1.731540800030949e+09,"eval/steps_per_second":25.665,"eval/loss":0.5018264651298523,"eval/accuracy":0.9302631578947368,"train_samples_per_second":46.285,"total_flos":4.4992798396416e+15}