{"eval/steps_per_second":23.483,"train_samples_per_second":40.371,"train/loss":0.0058,"eval/micro_f1":0.9131578947368421,"eval/loss":0.7586808204650879,"_step":60,"train_loss":0.1654713152009144,"train/global_step":8550,"train/learning_rate":2.9239766081871344e-07,"train_runtime":1694.2848,"eval/accuracy":0.9131578947368421,"_timestamp":1.731429993305201e+09,"train/epoch":10,"train_steps_per_second":5.046,"eval/macro_f1":0.911578507065443,"train/grad_norm":0.0013712956570088863,"total_flos":4.4992798396416e+15,"eval/samples_per_second":187.862,"_wandb":{"runtime":1712},"_runtime":1712.37162965,"eval/runtime":4.0455}