{"eval/steps_per_second":59.625,"_timestamp":1.7315580225000722e+09,"eval/runtime":2.348,"_wandb":{"runtime":253},"train_runtime":237.6778,"train/epoch":10,"eval/micro_f1":0.7919642857142857,"eval/accuracy":0.7919642857142857,"total_flos":2.3332169405952e+15,"_runtime":253.837475543,"_step":30,"eval/macro_f1":0.578530709261786,"eval/loss":0.5538106560707092,"train_samples_per_second":145.239,"train_loss":0.6490826995284469,"eval/samples_per_second":476.997,"train/loss":0.5605,"train_steps_per_second":18.176,"train/global_step":4320,"train/learning_rate":3.7037037037037037e-06,"train/grad_norm":1.96799635887146}