{"eval/samples_per_second":195.213,"_timestamp":1.7314681902681873e+09,"eval/runtime":5.7373,"eval/loss":1.0120668411254883,"train_runtime":769.694,"_runtime":784.259668939,"train/grad_norm":0.02505641058087349,"_wandb":{"runtime":784},"eval/micro_f1":0.8464285714285714,"train_steps_per_second":5.613,"total_flos":2.27066879499264e+15,"train/global_step":4320,"_step":30,"train_samples_per_second":44.849,"eval/steps_per_second":24.402,"train/learning_rate":3.7037037037037037e-06,"train/loss":0.111,"eval/macro_f1":0.7574212387627147,"train/epoch":10,"eval/accuracy":0.8464285714285714,"train_loss":0.36348667807049223}