{"train/learning_rate":2.9239766081871344e-07,"eval/runtime":4.1392,"train/loss":0.001,"train/epoch":10,"eval/micro_f1":0.9276315789473685,"eval/steps_per_second":22.952,"train_runtime":1687.4017,"train_samples_per_second":40.536,"_step":60,"train_loss":0.11126542986109199,"train/grad_norm":0.003695489140227437,"train/global_step":8550,"_timestamp":1.7314282661321342e+09,"eval/samples_per_second":183.612,"_wandb":{"runtime":1703},"eval/macro_f1":0.9259123570387504,"total_flos":4.4992798396416e+15,"eval/loss":0.6856292486190796,"_runtime":1703.383349084,"eval/accuracy":0.9276315789473685,"train_steps_per_second":5.067}