{"_wandb":{"runtime":768},"train_loss":0.18608713657767684,"eval/micro_f1":0.8419642857142857,"_timestamp":1.7315045189604218e+09,"train/learning_rate":3.7037037037037037e-06,"train/epoch":10,"_step":30,"eval/samples_per_second":194.261,"train_runtime":752.6098,"train/global_step":4320,"total_flos":2.27066879499264e+15,"train_steps_per_second":5.74,"train_samples_per_second":45.867,"eval/runtime":5.7654,"eval/accuracy":0.8419642857142857,"train/loss":0.0159,"eval/steps_per_second":24.283,"_runtime":768.071123471,"eval/loss":1.2880706787109375,"train/grad_norm":0.002946486696600914,"eval/macro_f1":0.7569386572260598}