{"train/grad_norm":7.339317798614502,"_step":15,"train/epoch":10,"train_samples_per_second":53.202,"train/learning_rate":2.6066350710900472e-06,"train_steps_per_second":6.65,"train/loss":0.0592,"_wandb":{"runtime":333},"eval/loss":1.4659720659255981,"eval/steps_per_second":24.4,"eval/runtime":0.7377,"eval/micro_f1":0.762589928057554,"total_flos":1.11036853039104e+15,"eval/samples_per_second":188.424,"eval/macro_f1":0.6571456162900431,"_timestamp":1.7315356306965108e+09,"_runtime":333.631337631,"train/global_step":2110,"train_runtime":317.2838,"eval/accuracy":0.762589928057554,"train_loss":0.289504293242902}