{"eval/steps_per_second":58.836,"eval/micro_f1":0.9223684210526316,"train/loss":0.2745,"train/global_step":8550,"eval/samples_per_second":470.686,"train_runtime":432.7306,"_step":60,"eval/accuracy":0.9223684210526316,"total_flos":4.6232164896768e+15,"_runtime":442.633568351,"eval/runtime":1.6147,"train/epoch":10,"_timestamp":1.7315337209574187e+09,"train_samples_per_second":158.066,"train_loss":0.3837555044296889,"train/grad_norm":3.7413361072540283,"eval/macro_f1":0.9206788840213473,"_wandb":{"runtime":442},"train/learning_rate":2.9239766081871344e-07,"train_steps_per_second":19.758,"eval/loss":0.27627456188201904}