{"train/learning_rate":3.7037037037037037e-06,"eval/samples_per_second":199.597,"_timestamp":1.7314822372597346e+09,"eval/loss":1.0120668411254883,"train_runtime":799.2789,"eval/micro_f1":0.8464285714285714,"_step":30,"eval/steps_per_second":24.95,"_runtime":822.496187666,"train/epoch":10,"train/loss":0.111,"train_loss":0.36348667807049223,"eval/accuracy":0.8464285714285714,"total_flos":2.27066879499264e+15,"_wandb":{"runtime":822},"eval/macro_f1":0.7574212387627147,"train_samples_per_second":43.189,"train/grad_norm":0.02505641058087349,"train_steps_per_second":5.405,"train/global_step":4320,"eval/runtime":5.6113}