{"train_runtime":233.2783,"eval/loss":0.5538106560707092,"eval/macro_f1":0.578530709261786,"_timestamp":1.7315176233356378e+09,"_step":30,"_runtime":246.578254614,"train/epoch":10,"train/global_step":4320,"train_steps_per_second":18.519,"total_flos":2.3332169405952e+15,"train/loss":0.5605,"eval/runtime":2.336,"eval/micro_f1":0.7919642857142857,"train/grad_norm":1.96799635887146,"eval/accuracy":0.7919642857142857,"_wandb":{"runtime":246},"eval/samples_per_second":479.45,"train/learning_rate":3.7037037037037037e-06,"train_loss":0.6490826995284469,"train_samples_per_second":147.978,"eval/steps_per_second":59.931}