{"train/grad_norm":3.5717177391052246,"_step":15,"_timestamp":1.731426175787895e+09,"_runtime":340.599509945,"train/learning_rate":2.6066350710900472e-06,"eval/accuracy":0.7913669064748201,"train/loss":0.0571,"_wandb":{"runtime":340},"train/epoch":10,"train_runtime":322.3998,"train_steps_per_second":6.545,"eval/loss":1.2396160364151,"eval/micro_f1":0.7913669064748201,"eval/macro_f1":0.7018278690782463,"eval/steps_per_second":22.642,"train_loss":0.272940012967982,"eval/samples_per_second":174.85,"train_samples_per_second":52.357,"total_flos":1.11036853039104e+15,"eval/runtime":0.795,"train/global_step":2110}