{"eval/accuracy":0.8116071428571429,"eval/loss":0.4519810676574707,"train/epoch":1.1574074074074074,"eval/samples_per_second":182.861,"_runtime":100.976660566,"_step":2,"train/global_step":500,"eval/steps_per_second":22.858,"train/loss":0.6522,"_timestamp":1.7314643891632116e+09,"eval/micro_f1":0.8116071428571429,"eval/macro_f1":0.7315612713932395,"train/learning_rate":4.4212962962962966e-05,"eval/runtime":6.1249,"train/grad_norm":4.536823749542236,"_wandb":{"runtime":106}}