{"train_loss":0.36348667807049223,"eval/macro_f1":0.7574212387627147,"eval/samples_per_second":208.864,"train/grad_norm":0.02505641058087349,"total_flos":2.27066879499264e+15,"eval/micro_f1":0.8464285714285714,"_wandb":{"runtime":796},"train_samples_per_second":44.525,"eval/accuracy":0.8464285714285714,"train/epoch":10,"eval/steps_per_second":26.108,"train/loss":0.111,"eval/runtime":5.3624,"train_steps_per_second":5.572,"_step":30,"train_runtime":775.2894,"train/global_step":4320,"eval/loss":1.0120668411254883,"_timestamp":1.7315352932237623e+09,"_runtime":796.920349948,"train/learning_rate":3.7037037037037037e-06}