{"eval/micro_f1":0.8142857142857143,"train_samples_per_second":44.973,"_runtime":783.962169515,"eval/steps_per_second":23.158,"train/global_step":4320,"eval/samples_per_second":185.262,"_wandb":{"runtime":783},"eval/accuracy":0.8142857142857143,"train/learning_rate":3.7037037037037037e-06,"_step":30,"train_runtime":767.5668,"train/loss":0.0356,"eval/loss":1.3369508981704712,"train/epoch":10,"train_loss":0.23481787984017974,"train/grad_norm":0.005403819959610701,"eval/macro_f1":0.7136140032056631,"eval/runtime":6.0455,"total_flos":2.27066879499264e+15,"_timestamp":1.7314674026732311e+09,"train_steps_per_second":5.628}