{"total_flos":2.27066879499264e+15,"train/epoch":10,"eval/loss":1.2880706787109375,"eval/steps_per_second":24.234,"train_runtime":751.961,"eval/samples_per_second":193.869,"_runtime":772.860262531,"train_samples_per_second":45.907,"_timestamp":1.7315711593614378e+09,"train/loss":0.0159,"train/grad_norm":0.002946486696600914,"_step":30,"train_loss":0.18608713657767684,"train/learning_rate":3.7037037037037037e-06,"eval/runtime":5.7771,"train/global_step":4320,"train_steps_per_second":5.745,"eval/macro_f1":0.7569386572260598,"_wandb":{"runtime":772},"eval/micro_f1":0.8419642857142857,"eval/accuracy":0.8419642857142857}