{"train/global_step":4320,"train/loss":0.111,"eval/loss":1.0120668411254883,"eval/samples_per_second":207.667,"_runtime":798.530444802,"train_steps_per_second":5.529,"_step":30,"eval/runtime":5.3932,"train/epoch":10,"train_runtime":781.3889,"train/grad_norm":0.02505641058087349,"_timestamp":1.731572731291151e+09,"eval/accuracy":0.8464285714285714,"train_samples_per_second":44.178,"_wandb":{"runtime":798},"train/learning_rate":3.7037037037037037e-06,"eval/steps_per_second":25.958,"eval/macro_f1":0.7574212387627147,"train_loss":0.36348667807049223,"total_flos":2.27066879499264e+15,"eval/micro_f1":0.8464285714285714}