{"train/global_step":4320,"train_runtime":769.3642,"train/grad_norm":0.02505641058087349,"_runtime":1108.156221887,"eval/micro_f1":0.8464285714285714,"train_samples_per_second":44.868,"train_steps_per_second":5.615,"train/learning_rate":3.7037037037037037e-06,"eval/accuracy":0.8464285714285714,"train/loss":0.111,"train_loss":0.36348667807049223,"eval/macro_f1":0.7574212387627147,"total_flos":2.27066879499264e+15,"train/epoch":10,"eval/steps_per_second":24.649,"_wandb":{"runtime":1108},"eval/loss":1.0120668411254883,"_step":30,"eval/runtime":5.6797,"_timestamp":1.7314254825039012e+09,"eval/samples_per_second":197.193}