{"eval/accuracy":0.7913669064748201,"eval/steps_per_second":24.042,"train/learning_rate":2.6066350710900472e-06,"_timestamp":1.7315734042834873e+09,"train/grad_norm":3.3176281452178955,"eval/micro_f1":0.7913669064748201,"_runtime":324.503717405,"train/epoch":10,"eval/macro_f1":0.6972764906268742,"total_flos":1.11036853039104e+15,"eval/samples_per_second":185.654,"train_runtime":315.021,"eval/loss":1.2355127334594727,"train_steps_per_second":6.698,"train_loss":0.27269181990510477,"train_samples_per_second":53.584,"_wandb":{"runtime":324},"eval/runtime":0.7487,"train/global_step":2110,"train/loss":0.0566,"_step":15}